118.0,368.0,118.0,118.0,368.0,118.0,368.0,368.0,368.0,118.0,118.0,118.0,118.0,368.0,118.0,368.0,368.0,118.0,118.0,118.0,118.0,118.0,118.0,118.0,368.0,118.0,118.0,118.0,118.0,368.0,368.0,118.0,368.0,118.0,368.0,118.0,368.0,118.0,118.0,118.0,118.0,118.0,368.0,368.0,118.0,118.0,368.0,118.0,118.0,368.0,118.0,118.0,118.0,368.0,118.0,118.0,118.0,368.0,368.0,368.0,368.0,368.0,368.0,118.0,368.0,368.0,368.0,368.0,118.0,368.0,368.0,118.0,368.0,118.0,118.0,368.0,118.0,118.0,118.0,118.0,118.0,368.0,368.0,368.0,368.0,368.0,368.0,368.0,118.0,368.0,368.0,368.0,368.0,368.0,118.0,368.0,368.0,118.0,368.0,368.0
260.0,372.0,232.0,250.0,238.0,340.0,250.0,328.0,188.0,126.0,94.0,328.0,328.0,126.0,126.0,328.0,250.0,404.0,142.0,266.0,328.0,188.0,266.0,188.0,388.0,126.0,250.0,404.0,340.0,260.0,276.0,126.0,372.0,266.0,126.0,256.0,224.0,340.0,142.0,388.0,338.0,360.0,304.0,404.0,224.0,296.0,328.0,224.0,328.0,250.0,340.0,232.0,404.0,266.0,238.0,304.0,338.0,142.0,260.0,276.0,360.0,94.0,404.0,276.0,188.0,304.0,388.0,238.0,238.0,256.0,232.0,94.0,388.0,296.0,94.0,94.0,372.0,250.0,224.0,260.0,142.0,126.0,404.0,388.0,142.0,250.0,250.0,94.0,250.0,304.0,276.0,260.0,250.0,338.0,224.0,372.0,388.0,404.0,360.0,232.0
112.0,224.0,234.0,420.0,358.0,364.0,356.0,344.0,356.0,376.0,430.0,144.0,296.0,336.0,266.0,348.0,386.0,298.0,270.0,166.0,168.0,330.0,408.0,206.0,408.0,242.0,242.0,282.0,264.0,170.0,330.0,276.0,278.0,430.0,338.0,180.0,350.0,308.0,300.0,280.0,266.0,226.0,252.0,284.0,242.0,382.0,210.0,368.0,296.0,242.0,266.0,244.0,256.0,240.0,296.0,276.0,188.0,370.0,458.0,350.0,372.0,206.0,234.0,406.0,358.0,202.0,200.0,300.0,242.0,300.0,380.0,382.0,280.0,316.0,62.0,316.0,168.0,242.0,170.0,244.0,412.0,362.0,430.0,352.0,356.0,316.0,344.0,364.0,458.0,278.0,400.0,222.0,466.0,274.0,384.0,328.0,94.0,420.0,170.0,320.0
356.0,408.0,176.0,396.0,96.0,124.0,346.0,374.0,302.0,180.0,386.0,276.0,316.0,246.0,144.0,328.0,0.0,362.0,260.0,240.0,362.0,394.0,138.0,158.0,290.0,446.0,266.0,410.0,246.0,258.0,300.0,394.0,346.0,372.0,186.0,180.0,216.0,250.0,188.0,348.0,376.0,192.0,428.0,292.0,306.0,216.0,270.0,382.0,274.0,264.0,370.0,366.0,282.0,308.0,420.0,332.0,192.0,408.0,326.0,326.0,264.0,352.0,432.0,254.0,216.0,230.0,232.0,144.0,260.0,284.0,300.0,290.0,360.0,332.0,0.0,178.0,332.0,292.0,304.0,446.0,180.0,384.0,516.0,462.0,334.0,372.0,428.0,192.0,334.0,394.0,290.0,478.0,330.0,318.0,384.0,406.0,444.0,270.0,312.0,234.0
448.0,318.0,376.0,310.0,404.0,372.0,322.0,8.0,426.0,256.0,440.0,130.0,424.0,250.0,346.0,314.0,230.0,432.0,288.0,426.0,344.0,212.0,144.0,326.0,344.0,48.0,316.0,406.0,276.0,300.0,236.0,136.0,284.0,358.0,290.0,380.0,268.0,214.0,204.0,304.0,286.0,204.0,272.0,452.0,190.0,386.0,372.0,350.0,184.0,378.0,190.0,350.0,356.0,248.0,338.0,400.0,180.0,274.0,270.0,190.0,194.0,302.0,400.0,326.0,346.0,318.0,384.0,310.0,474.0,248.0,294.0,332.0,264.0,390.0,284.0,420.0,416.0,280.0,298.0,452.0,266.0,322.0,252.0,270.0,134.0,314.0,156.0,400.0,264.0,426.0,268.0,124.0,370.0,294.0,212.0,408.0,326.0,390.0,296.0,328.0
412.0,172.0,462.0,394.0,434.0,194.0,382.0,414.0,344.0,244.0,212.0,124.0,214.0,298.0,214.0,236.0,174.0,312.0,366.0,328.0,218.0,130.0,302.0,246.0,268.0,384.0,486.0,390.0,398.0,410.0,360.0,282.0,338.0,412.0,384.0,406.0,314.0,252.0,196.0,290.0,310.0,202.0,362.0,96.0,298.0,358.0,338.0,300.0,174.0,126.0,394.0,138.0,368.0,256.0,370.0,360.0,324.0,210.0,414.0,286.0,364.0,334.0,282.0,326.0,240.0,374.0,394.0,382.0,372.0,364.0,280.0,350.0,354.0,346.0,278.0,460.0,268.0,392.0,290.0,304.0,414.0,362.0,354.0,192.0,432.0,306.0,162.0,298.0,110.0,388.0,412.0,200.0,292.0,212.0,290.0,378.0,310.0,238.0,282.0,328.0
328.0,342.0,374.0,282.0,386.0,270.0,380.0,62.0,206.0,270.0,424.0,202.0,400.0,394.0,326.0,154.0,382.0,230.0,398.0,344.0,340.0,438.0,296.0,324.0,316.0,258.0,224.0,388.0,426.0,334.0,320.0,276.0,408.0,194.0,242.0,292.0,456.0,362.0,136.0,342.0,274.0,262.0,230.0,300.0,324.0,282.0,346.0,234.0,288.0,362.0,238.0,398.0,240.0,332.0,494.0,392.0,222.0,316.0,258.0,298.0,208.0,218.0,184.0,166.0,374.0,454.0,344.0,162.0,296.0,348.0,154.0,332.0,416.0,120.0,324.0,300.0,128.0,346.0,272.0,428.0,328.0,250.0,340.0,242.0,348.0,358.0,368.0,288.0,286.0,248.0,172.0,248.0,158.0,402.0,230.0,376.0,316.0,326.0,242.0,354.0
164.0,364.0,288.0,406.0,246.0,304.0,292.0,300.0,482.0,370.0,368.0,208.0,428.0,322.0,392.0,358.0,374.0,324.0,272.0,488.0,284.0,270.0,280.0,340.0,288.0,244.0,338.0,458.0,330.0,298.0,398.0,304.0,502.0,326.0,264.0,256.0,440.0,228.0,386.0,304.0,158.0,368.0,370.0,196.0,408.0,382.0,126.0,400.0,266.0,442.0,440.0,212.0,252.0,320.0,258.0,236.0,210.0,318.0,472.0,224.0,348.0,338.0,176.0,450.0,240.0,366.0,348.0,316.0,278.0,316.0,344.0,110.0,328.0,360.0,296.0,336.0,238.0,322.0,232.0,214.0,316.0,384.0,364.0,300.0,406.0,340.0,380.0,194.0,288.0,420.0,112.0,338.0,284.0,224.0,362.0,436.0,436.0,324.0,284.0,354.0
248.0,278.0,460.0,274.0,266.0,170.0,386.0,98.0,362.0,474.0,264.0,176.0,358.0,150.0,270.0,122.0,280.0,136.0,274.0,296.0,294.0,284.0,378.0,346.0,228.0,374.0,356.0,170.0,150.0,330.0,362.0,228.0,374.0,434.0,330.0,312.0,408.0,340.0,408.0,396.0,300.0,356.0,388.0,396.0,326.0,178.0,344.0,278.0,314.0,274.0,288.0,324.0,242.0,468.0,340.0,256.0,428.0,280.0,388.0,290.0,232.0,342.0,414.0,296.0,268.0,392.0,324.0,316.0,282.0,174.0,226.0,420.0,162.0,398.0,354.0,352.0,204.0,352.0,370.0,304.0,446.0,210.0,220.0,338.0,322.0,368.0,336.0,512.0,354.0,220.0,264.0,216.0,330.0,222.0,356.0,370.0,164.0,306.0,144.0,314.0
160.0,302.0,220.0,312.0,270.0,264.0,342.0,348.0,240.0,382.0,186.0,336.0,336.0,344.0,258.0,266.0,378.0,296.0,334.0,368.0,292.0,212.0,278.0,234.0,238.0,296.0,348.0,222.0,410.0,302.0,324.0,366.0,354.0,220.0,334.0,92.0,276.0,346.0,30.0,376.0,374.0,256.0,364.0,336.0,164.0,340.0,412.0,390.0,284.0,438.0,340.0,290.0,312.0,440.0,246.0,254.0,278.0,320.0,252.0,358.0,330.0,264.0,342.0,400.0,334.0,268.0,192.0,298.0,270.0,440.0,450.0,288.0,248.0,294.0,162.0,220.0,264.0,270.0,362.0,228.0,262.0,306.0,288.0,254.0,324.0,298.0,390.0,276.0,324.0,372.0,374.0,322.0,260.0,340.0,368.0,340.0,470.0,300.0,364.0,396.0
256.0,362.0,336.0,196.0,230.0,366.0,380.0,236.0,330.0,338.0,326.0,362.0,376.0,302.0,302.0,398.0,340.0,266.0,320.0,284.0,316.0,200.0,244.0,288.0,382.0,276.0,324.0,308.0,288.0,82.0,244.0,272.0,310.0,350.0,380.0,330.0,322.0,444.0,260.0,436.0,420.0,390.0,180.0,334.0,398.0,284.0,226.0,344.0,342.0,350.0,278.0,290.0,360.0,288.0,374.0,94.0,284.0,388.0,276.0,236.0,314.0,156.0,368.0,300.0,294.0,350.0,160.0,298.0,362.0,294.0,130.0,206.0,322.0,434.0,326.0,390.0,378.0,414.0,256.0,302.0,356.0,362.0,338.0,406.0,304.0,260.0,262.0,426.0,390.0,462.0,218.0,326.0,310.0,330.0,248.0,264.0,252.0,392.0,278.0,320.0
268.0,210.0,360.0,256.0,298.0,226.0,382.0,314.0,226.0,392.0,268.0,232.0,276.0,200.0,272.0,144.0,302.0,330.0,194.0,298.0,404.0,138.0,202.0,298.0,300.0,388.0,318.0,268.0,200.0,266.0,240.0,286.0,322.0,368.0,272.0,384.0,328.0,334.0,260.0,288.0,284.0,234.0,362.0,50.0,272.0,320.0,350.0,72.0,322.0,340.0,242.0,170.0,284.0,272.0,246.0,272.0,288.0,322.0,200.0,340.0,168.0,280.0,174.0,300.0,264.0,242.0,380.0,238.0,196.0,312.0,260.0,312.0,370.0,336.0,222.0,186.0,332.0,208.0,272.0,308.0,186.0,378.0,284.0,408.0,212.0,174.0,114.0,172.0,238.0,330.0,194.0,244.0,360.0,270.0,306.0,326.0,298.0,278.0,320.0,306.0
258.0,376.0,324.0,314.0,334.0,128.0,362.0,234.0,216.0,296.0,268.0,210.0,226.0,256.0,228.0,270.0,124.0,216.0,68.0,300.0,182.0,146.0,226.0,268.0,308.0,266.0,334.0,238.0,236.0,302.0,236.0,440.0,210.0,342.0,254.0,238.0,252.0,308.0,304.0,304.0,318.0,246.0,306.0,242.0,306.0,278.0,284.0,158.0,224.0,210.0,286.0,190.0,228.0,258.0,368.0,334.0,332.0,178.0,256.0,242.0,128.0,200.0,278.0,312.0,348.0,266.0,238.0,214.0,220.0,136.0,202.0,262.0,256.0,374.0,222.0,144.0,216.0,322.0,240.0,352.0,374.0,346.0,252.0,250.0,242.0,270.0,170.0,276.0,302.0,288.0,378.0,244.0,204.0,342.0,214.0,230.0,266.0,168.0,290.0,160.0
150.0,328.0,320.0,244.0,300.0,228.0,234.0,170.0,80.0,242.0,294.0,192.0,348.0,316.0,276.0,226.0,294.0,262.0,260.0,246.0,248.0,126.0,146.0,270.0,206.0,140.0,224.0,184.0,222.0,284.0,328.0,304.0,260.0,272.0,184.0,284.0,262.0,270.0,240.0,210.0,338.0,260.0,342.0,326.0,202.0,232.0,242.0,378.0,208.0,220.0,278.0,248.0,360.0,176.0,222.0,102.0,224.0,198.0,170.0,250.0,282.0,126.0,290.0,108.0,248.0,270.0,314.0,164.0,250.0,230.0,284.0,282.0,248.0,194.0,266.0,244.0,150.0,216.0,246.0,178.0,246.0,204.0,264.0,244.0,154.0,258.0,172.0,264.0,178.0,216.0,290.0,292.0,194.0,236.0,300.0,240.0,248.0,320.0,272.0,278.0
266.0,194.0,232.0,196.0,272.0,310.0,108.0,290.0,224.0,330.0,262.0,238.0,378.0,176.0,160.0,300.0,232.0,236.0,254.0,286.0,256.0,252.0,128.0,242.0,164.0,156.0,212.0,254.0,118.0,208.0,252.0,204.0,242.0,326.0,314.0,262.0,290.0,254.0,196.0,316.0,198.0,264.0,148.0,92.0,180.0,296.0,308.0,210.0,246.0,272.0,364.0,282.0,304.0,210.0,236.0,146.0,238.0,178.0,0.0,278.0,342.0,192.0,214.0,218.0,234.0,240.0,54.0,238.0,260.0,240.0,116.0,246.0,236.0,304.0,232.0,212.0,224.0,270.0,280.0,262.0,274.0,176.0,240.0,254.0,196.0,274.0,180.0,226.0,278.0,300.0,286.0,276.0,260.0,234.0,356.0,284.0,260.0,244.0,304.0,174.0
276.0,248.0,126.0,228.0,244.0,124.0,160.0,230.0,192.0,202.0,220.0,122.0,230.0,246.0,198.0,206.0,274.0,308.0,220.0,274.0,230.0,254.0,278.0,256.0,240.0,280.0,234.0,178.0,234.0,172.0,154.0,272.0,114.0,216.0,282.0,152.0,162.0,168.0,232.0,228.0,210.0,242.0,120.0,198.0,222.0,226.0,118.0,216.0,302.0,218.0,250.0,314.0,160.0,98.0,108.0,230.0,190.0,174.0,130.0,182.0,224.0,184.0,270.0,260.0,206.0,228.0,166.0,218.0,82.0,206.0,226.0,218.0,262.0,282.0,210.0,194.0,188.0,228.0,196.0,226.0,194.0,178.0,232.0,198.0,314.0,262.0,166.0,86.0,204.0,202.0,160.0,72.0,220.0,208.0,306.0,334.0,166.0,158.0,124.0,180.0
164.0,226.0,170.0,220.0,202.0,140.0,210.0,118.0,130.0,190.0,148.0,108.0,154.0,194.0,202.0,194.0,164.0,172.0,250.0,98.0,246.0,264.0,206.0,232.0,78.0,182.0,222.0,262.0,224.0,280.0,254.0,180.0,224.0,172.0,222.0,266.0,150.0,248.0,154.0,168.0,184.0,228.0,198.0,174.0,122.0,170.0,178.0,186.0,210.0,172.0,214.0,264.0,174.0,114.0,234.0,254.0,180.0,192.0,164.0,274.0,216.0,68.0,270.0,240.0,148.0,258.0,216.0,240.0,142.0,146.0,180.0,236.0,172.0,200.0,256.0,258.0,176.0,148.0,228.0,180.0,52.0,282.0,54.0,206.0,176.0,186.0,190.0,62.0,212.0,246.0,198.0,186.0,184.0,220.0,154.0,194.0,150.0,230.0,146.0,156.0
98.0,198.0,188.0,184.0,128.0,194.0,164.0,156.0,182.0,148.0,214.0,94.0,222.0,176.0,178.0,168.0,202.0,154.0,182.0,230.0,154.0,186.0,150.0,202.0,146.0,150.0,122.0,98.0,86.0,242.0,198.0,142.0,194.0,150.0,136.0,130.0,160.0,212.0,222.0,156.0,222.0,202.0,146.0,150.0,182.0,160.0,128.0,126.0,156.0,184.0,150.0,208.0,132.0,192.0,124.0,188.0,78.0,116.0,110.0,228.0,200.0,164.0,246.0,108.0,182.0,176.0,128.0,168.0,84.0,140.0,178.0,224.0,70.0,210.0,218.0,164.0,190.0,164.0,200.0,146.0,222.0,194.0,42.0,150.0,186.0,192.0,156.0,222.0,234.0,190.0,196.0,174.0,152.0,176.0,240.0,264.0,242.0,180.0,206.0,132.0
68.0,186.0,208.0,184.0,98.0,198.0,212.0,110.0,158.0,220.0,154.0,182.0,140.0,146.0,152.0,108.0,188.0,170.0,152.0,200.0,142.0,188.0,180.0,204.0,136.0,128.0,174.0,138.0,136.0,176.0,126.0,172.0,178.0,110.0,108.0,152.0,180.0,192.0,230.0,186.0,166.0,26.0,92.0,110.0,160.0,112.0,216.0,172.0,212.0,174.0,210.0,126.0,204.0,184.0,194.0,154.0,146.0,224.0,224.0,168.0,156.0,252.0,208.0,182.0,116.0,272.0,210.0,178.0,100.0,102.0,254.0,168.0,196.0,176.0,98.0,148.0,164.0,144.0,154.0,188.0,190.0,124.0,206.0,206.0,126.0,130.0,102.0,194.0,214.0,152.0,134.0,198.0,198.0,220.0,106.0,122.0,130.0,188.0,160.0,130.0
126.0,130.0,158.0,156.0,158.0,128.0,180.0,152.0,206.0,166.0,142.0,138.0,108.0,110.0,174.0,134.0,182.0,102.0,126.0,138.0,88.0,160.0,70.0,162.0,220.0,186.0,106.0,164.0,166.0,86.0,202.0,112.0,132.0,152.0,120.0,118.0,120.0,96.0,98.0,128.0,114.0,172.0,160.0,184.0,184.0,142.0,168.0,148.0,90.0,202.0,170.0,160.0,104.0,138.0,96.0,142.0,150.0,128.0,62.0,90.0,204.0,140.0,178.0,138.0,120.0,158.0,174.0,124.0,154.0,136.0,144.0,126.0,106.0,126.0,86.0,124.0,142.0,190.0,176.0,140.0,190.0,166.0,150.0,142.0,148.0,126.0,84.0,134.0,150.0,160.0,94.0,110.0,148.0,146.0,168.0,194.0,140.0,128.0,182.0,198.0
72.0,100.0,114.0,154.0,106.0,98.0,122.0,90.0,114.0,130.0,96.0,142.0,150.0,102.0,82.0,124.0,122.0,132.0,126.0,124.0,176.0,78.0,90.0,112.0,102.0,122.0,188.0,96.0,108.0,76.0,124.0,166.0,94.0,136.0,96.0,90.0,112.0,72.0,92.0,148.0,124.0,158.0,110.0,122.0,126.0,140.0,92.0,116.0,128.0,110.0,142.0,90.0,118.0,128.0,134.0,142.0,104.0,48.0,160.0,146.0,98.0,156.0,118.0,136.0,130.0,108.0,128.0,110.0,90.0,146.0,136.0,70.0,100.0,116.0,126.0,134.0,116.0,128.0,106.0,118.0,136.0,82.0,110.0,114.0,134.0,106.0,172.0,112.0,96.0,162.0,132.0,112.0,74.0,94.0,58.0,146.0,124.0,120.0,178.0,114.0
122.0,126.0,112.0,122.0,146.0,86.0,134.0,108.0,110.0,124.0,94.0,106.0,114.0,106.0,72.0,112.0,62.0,62.0,124.0,126.0,42.0,76.0,132.0,124.0,98.0,132.0,116.0,116.0,84.0,126.0,34.0,100.0,34.0,108.0,100.0,102.0,114.0,120.0,92.0,138.0,86.0,94.0,130.0,132.0,100.0,100.0,82.0,130.0,112.0,124.0,66.0,62.0,80.0,96.0,134.0,116.0,120.0,28.0,132.0,132.0,76.0,78.0,110.0,78.0,108.0,122.0,96.0,96.0,50.0,112.0,80.0,92.0,82.0,110.0,90.0,108.0,116.0,114.0,90.0,136.0,96.0,110.0,54.0,126.0,150.0,92.0,136.0,126.0,120.0,90.0,122.0,78.0,82.0,122.0,116.0,104.0,122.0,124.0,88.0,94.0
98.0,64.0,112.0,84.0,92.0,86.0,110.0,78.0,84.0,92.0,70.0,82.0,58.0,78.0,60.0,110.0,96.0,100.0,84.0,98.0,98.0,78.0,80.0,106.0,86.0,88.0,58.0,76.0,88.0,104.0,48.0,50.0,54.0,56.0,98.0,86.0,90.0,88.0,104.0,64.0,86.0,52.0,120.0,78.0,50.0,122.0,70.0,104.0,96.0,34.0,94.0,98.0,110.0,118.0,96.0,108.0,110.0,80.0,18.0,92.0,106.0,82.0,84.0,60.0,44.0,86.0,82.0,88.0,80.0,36.0,112.0,92.0,76.0,76.0,72.0,112.0,80.0,96.0,96.0,124.0,64.0,96.0,104.0,74.0,96.0,82.0,50.0,118.0,40.0,60.0,78.0,66.0,92.0,100.0,76.0,86.0,106.0,82.0,80.0,94.0
68.0,44.0,44.0,34.0,8.0,70.0,66.0,78.0,72.0,108.0,84.0,20.0,66.0,76.0,98.0,48.0,58.0,64.0,48.0,20.0,54.0,70.0,64.0,66.0,52.0,68.0,78.0,92.0,62.0,84.0,86.0,70.0,54.0,68.0,98.0,78.0,76.0,56.0,84.0,62.0,56.0,106.0,54.0,62.0,104.0,58.0,40.0,56.0,68.0,88.0,50.0,78.0,76.0,90.0,64.0,78.0,86.0,96.0,70.0,64.0,102.0,64.0,28.0,82.0,20.0,56.0,56.0,72.0,82.0,72.0,68.0,54.0,72.0,40.0,36.0,76.0,60.0,80.0,78.0,68.0,40.0,38.0,54.0,84.0,90.0,92.0,54.0,100.0,66.0,72.0,68.0,68.0,80.0,80.0,50.0,34.0,82.0,42.0,60.0,90.0
34.0,66.0,62.0,46.0,40.0,26.0,56.0,62.0,78.0,52.0,38.0,60.0,44.0,50.0,68.0,50.0,62.0,54.0,38.0,60.0,28.0,58.0,78.0,58.0,50.0,24.0,42.0,34.0,24.0,34.0,50.0,70.0,66.0,52.0,54.0,50.0,54.0,58.0,54.0,46.0,46.0,50.0,62.0,30.0,70.0,50.0,22.0,70.0,54.0,12.0,56.0,46.0,52.0,30.0,78.0,22.0,54.0,46.0,66.0,76.0,68.0,78.0,26.0,48.0,66.0,72.0,60.0,32.0,50.0,46.0,56.0,60.0,52.0,66.0,64.0,44.0,76.0,74.0,66.0,42.0,56.0,40.0,50.0,36.0,24.0,38.0,40.0,56.0,42.0,52.0,62.0,42.0,76.0,74.0,54.0,54.0,30.0,62.0,62.0,62.0
36.0,32.0,34.0,52.0,38.0,26.0,42.0,60.0,26.0,44.0,24.0,36.0,28.0,34.0,34.0,40.0,26.0,18.0,40.0,52.0,36.0,22.0,36.0,36.0,32.0,26.0,50.0,40.0,6.0,34.0,22.0,40.0,16.0,44.0,18.0,46.0,26.0,46.0,38.0,40.0,36.0,42.0,50.0,22.0,50.0,50.0,38.0,28.0,52.0,42.0,30.0,40.0,28.0,54.0,46.0,44.0,58.0,24.0,46.0,50.0,42.0,24.0,40.0,30.0,36.0,50.0,34.0,30.0,32.0,26.0,14.0,38.0,42.0,42.0,28.0,36.0,38.0,46.0,36.0,32.0,44.0,50.0,50.0,40.0,28.0,36.0,42.0,44.0,40.0,52.0,50.0,24.0,22.0,48.0,26.0,40.0,44.0,28.0,46.0,44.0
30.0,26.0,26.0,30.0,24.0,26.0,22.0,18.0,32.0,22.0,32.0,34.0,30.0,22.0,18.0,22.0,30.0,32.0,34.0,20.0,22.0,14.0,26.0,18.0,18.0,36.0,26.0,12.0,6.0,28.0,18.0,28.0,26.0,16.0,34.0,28.0,38.0,8.0,28.0,10.0,32.0,30.0,24.0,34.0,26.0,14.0,20.0,36.0,34.0,30.0,28.0,34.0,6.0,12.0,34.0,26.0,24.0,28.0,30.0,30.0,24.0,22.0,30.0,10.0,34.0,28.0,16.0,24.0,32.0,10.0,34.0,30.0,20.0,22.0,36.0,20.0,12.0,20.0,22.0,26.0,24.0,12.0,24.0,24.0,16.0,28.0,24.0,18.0,26.0,20.0,22.0,28.0,20.0,32.0,24.0,24.0,36.0,30.0,26.0,32.0
20.0,12.0,18.0,8.0,14.0,14.0,16.0,24.0,12.0,8.0,16.0,18.0,18.0,16.0,14.0,14.0,22.0,20.0,18.0,18.0,16.0,10.0,14.0,14.0,20.0,18.0,18.0,18.0,16.0,22.0,14.0,10.0,4.0,18.0,6.0,14.0,18.0,22.0,16.0,14.0,18.0,12.0,16.0,14.0,18.0,24.0,8.0,16.0,14.0,12.0,20.0,6.0,24.0,16.0,14.0,14.0,16.0,16.0,20.0,20.0,14.0,18.0,8.0,24.0,4.0,18.0,10.0,22.0,14.0,10.0,14.0,20.0,14.0,6.0,16.0,22.0,14.0,18.0,20.0,24.0,20.0,6.0,22.0,14.0,24.0,14.0,20.0,16.0,4.0,12.0,20.0,18.0,18.0,10.0,6.0,20.0,22.0,16.0,10.0,14.0
10.0,8.0,8.0,6.0,8.0,12.0,6.0,12.0,8.0,12.0,12.0,4.0,12.0,8.0,4.0,8.0,10.0,12.0,4.0,12.0,12.0,6.0,6.0,8.0,4.0,10.0,8.0,10.0,6.0,8.0,2.0,8.0,8.0,6.0,8.0,4.0,8.0,10.0,12.0,4.0,12.0,8.0,12.0,12.0,10.0,8.0,8.0,10.0,12.0,2.0,8.0,6.0,6.0,6.0,4.0,4.0,8.0,8.0,10.0,8.0,8.0,8.0,6.0,8.0,8.0,6.0,8.0,4.0,6.0,10.0,4.0,2.0,6.0,12.0,2.0,6.0,6.0,6.0,6.0,12.0,10.0,4.0,8.0,8.0,12.0,6.0,6.0,8.0,8.0,4.0,6.0,8.0,12.0,6.0,6.0,6.0,6.0,2.0,10.0,12.0
4.0,4.0,2.0,2.0,2.0,2.0,4.0,2.0,2.0,2.0,2.0,2.0,2.0,2.0,2.0,2.0,4.0,4.0,2.0,2.0,4.0,2.0,2.0,2.0,2.0,2.0,0.0,2.0,4.0,4.0,2.0,2.0,2.0,2.0,4.0,2.0,2.0,2.0,2.0,4.0,2.0,2.0,2.0,2.0,4.0,2.0,0.0,6.0,4.0,2.0,2.0,0.0,4.0,2.0,2.0,2.0,2.0,2.0,4.0,4.0,2.0,0.0,4.0,2.0,2.0,2.0,2.0,2.0,4.0,4.0,4.0,6.0,2.0,4.0,2.0,4.0,2.0,2.0,2.0,2.0,4.0,2.0,2.0,4.0,2.0,4.0,2.0,2.0,2.0,0.0,2.0,4.0,2.0,2.0,2.0,2.0,2.0,2.0,2.0,4.0
